title,url,status
【LNG】2025OCT 10月大家在幹嘛啊,https://www.youtube.com/watch?v=_K6r6Bt3mvc,completed
【LNG】2025SEP 噁之呼吸一之型 紫色惡魔 我看到你了啦,https://www.youtube.com/watch?v=0ZIJOANAbko,completed
【LNG】2025AUG 你知道我是誰嗎 在我身邊這位的可是 教魔法的兔子長老 染,https://www.youtube.com/watch?v=f8Z0MyhCCT4,completed
【LNG】2025JUL 新之谷懷舊服登入就送畏寒BUFF 是我先看到的 豬邏輯公園,https://www.youtube.com/watch?v=nmC1EDHzUxc,completed
【LNG】2025JUN 襁褓時期仰睡多 Robert Gao Jordan 擋一根4B也太濃了吧,https://www.youtube.com/watch?v=gTxyHEyam3c,completed
【LNG】2025MAY 醬料總裁突進風 Lapibulako Lakobulapi 志翔心中還有夢,https://www.youtube.com/watch?v=dMna5IWmxpM,completed
【LNG】2025APR 唐阿婆與祝英台七個包子增好ㄘ真冰娘,https://www.youtube.com/watch?v=BljvJ7uRYac,completed
【LNG】2025MAR 鳥屎開新店 八老爺天帝養生會館 火力障大學 黃金高陽 到畜成親,https://www.youtube.com/watch?v=k2R5JguoIq8,completed
【LNG】2025FEB Leggy 跟鳥屎不在我們真的沒幹嘛,https://www.youtube.com/watch?v=B7sncloYevg,completed
【LNG】2025JAN 全脂龍豬dragon安ㄊㄨㄞˋ歲跪求聽ASMRO~痛苦,https://www.youtube.com/watch?v=NrLBdFK4C90,completed
【LNG】2024DEC 何爸爸 郭爸爸 不要再訂閱了,https://www.youtube.com/watch?v=25C7LmflSuY,completed
【LNG】2024NOV 買東童蛇欸Ｑ咪飽倒豬村釜山論劍VIPIG搶先看,https://www.youtube.com/watch?v=x9EZA_Pj9Pc,completed
"【LNG】2024OCT 孝文帝應該可以拿到銀鉻獎盃, 窩～～～～!!!!",https://www.youtube.com/watch?v=rTdcPLyCS8Q,completed
【LNG】2024SEP 蛤鳥屎不在八毛跳三振舞小六是推擠,https://www.youtube.com/watch?v=ObWu1iTOFyE,completed
【LNG】2024AUG MBTI怪人之面癌大丈夫,https://www.youtube.com/watch?v=PoJSrmTChOk,completed
【LNG】2024JUL 七百公斤粉紅色彗星猩猩警官跟烤肉怪人騎GO SHARE去野餐吃果皮,https://www.youtube.com/watch?v=xNjDIMRtRk0,completed
【LNG】2024JUN Im OK 煥龍彭膯火 gwenchana 害羞變色龍在安森 拎拎拎拎拎~,https://www.youtube.com/watch?v=_JtAStmfaXE,completed
【LNG】2024MAY 北東北東維珍銀河敢不敢漲起來賠一百萬這集好無聊,https://www.youtube.com/watch?v=QHQWpvjIhtY,completed
【LNG】2024APR 我就想在公司吹冷氣我就想吃員工餐我就想去義大利玩,https://www.youtube.com/watch?v=LB7Sb6iae0Y,completed
【LNG】2024MAR 雞癌救極JAM主義的爛洞兄弟在宮鬥被挖穿了,https://www.youtube.com/watch?v=3VbYVGd_G4s,completed
【LNG】2024FEB Phantom P  a.k.a.  飯桶豬 為大家帶來一首新單曲 一隻豬 吃 一隻雞,https://www.youtube.com/watch?v=inEQiiO6HQs,completed
【LNG】2024JAN 小六重大發表要跟李迅吃一百萬個摩斯雞塊加一個荷包Dayum 格~,https://www.youtube.com/watch?v=hhC5kf4tef0,completed
【LNG】2023DEC 2023假跨年你點一下,https://www.youtube.com/watch?v=FtggG3Zx2wI,completed
【LNG】2023NOV 是誰打翻了咖啡,https://www.youtube.com/watch?v=TSzsOTHf29c,completed
【LNG】2023OCT  阿里山的姑娘在莫三比克說八毛你在哪,https://www.youtube.com/watch?v=YlMo6GX6LXo,completed
【LNG】2023SEP 艾姆賴雅的血刃科技，烏咖哩！,https://www.youtube.com/watch?v=c26p2qOTk8Q,completed
【LNG】2023AUG 86不存在的豬皮哀,https://www.youtube.com/watch?v=p7j50YA7bBw,completed
【LNG】2023JUL 潮東沒有按摩椅可以啟動,https://www.youtube.com/watch?v=dPEXu6wXNRM,pending
【LNG】2023JUN 買股票中指痛可以去猓玀苑捉i嗎,https://www.youtube.com/watch?v=swj0dLu88Zw,pending
【LNG】2023MAY 想跟奧迪亞抽大惡魔我推的痔瘡,https://www.youtube.com/watch?v=2dhfgXEOafw,pending
【LNG】2023APR 我一定會dra到你三重爆蛋幫白吃喔我沒有拔毛,https://www.youtube.com/watch?v=NIKtpA3bP-w,pending
【LNG】2023MAR 硬性龜定 我ㄘ PITA,https://www.youtube.com/watch?v=s1e-lwWIxFI,pending
【LNG】2023FEB 劣質染髮Turtle G 大戰白龍西薩餅,https://www.youtube.com/watch?v=QSOjzrKnSYM,pending
【LNG】2023JAN 蟾蜍山的拔剌粉只要五十塊鵝乙,https://www.youtube.com/watch?v=KYjiFC2SHwA,pending
【LNG】2022DEC GDWSLLHH,https://www.youtube.com/watch?v=H2L8my3PtAw,pending
【LNG】2022NOV B43Q的戰鬥還在繼續，鳥屎不在,https://www.youtube.com/watch?v=xVNkbLI2l5g,pending
【LNG】2022OCT 展邱喝蟑螂奶之後屎來則靈我們會以他為榮,https://www.youtube.com/watch?v=mNQwt3nntT4,pending
【LNG】2022SEP 大家好我是Pato哥哥住在健身社區CBD給我把維他命吃下去龍崎區魯夫,https://www.youtube.com/watch?v=bsr4NmSTYVw,pending
【LNG】2022AUG 爪爪爪爪爪,https://www.youtube.com/watch?v=olFIAEvUF5s,pending
【LNG】2022JUL 完兒啦芭比Q with your friend 啦,https://www.youtube.com/watch?v=5fo4PC8aIao,completed
【LNG】2022JUN 鹹豬肉鹹豬肉燦燦燦,https://www.youtube.com/watch?v=O-uRg7HDsS4,pending
【LNG】2022MAY 我又修電腦我又放闢噴出一點史好喜嘿嘿,https://www.youtube.com/watch?v=IOisSFU4mCw,pending
【LNG】2022APR 1+1=2 的問題還想,https://www.youtube.com/watch?v=1SpjDy1h5hU,pending
【LNG】2022MAR 立屎老師大隱形大便 x 冰內褲兩個禮拜伊吼人數與時數9退學再見,https://www.youtube.com/watch?v=EYxWDV1htKo,pending
【LNG】2022FEB 早上好負責醜聯盟阿罵集團現在是，腸胃炎時間～,https://www.youtube.com/watch?v=1olCixqQtPA,pending
【LNG】2022JAN 佛地瓜索命咒打噓吹梗 x 我同學表姊是Lisa x 還有一百個紫變,https://www.youtube.com/watch?v=DF9ma1zdI_U,pending
【LNG】2021DEC 打不贏桌子就買水波爐煮白斬雞CSV下來讓你X1shot,https://www.youtube.com/watch?v=QecpqGL6IoU,pending
【LNG】2021NOV 等到2024頭髮長出來就帶Yakisoba去北投找Pasta哥哥です,https://www.youtube.com/watch?v=3XzGRI3c0ZI,pending
【LNG】2021OCT 老子直接在稻田金克拉的聊天室抖3000塊,https://www.youtube.com/watch?v=bkYlBVMQR1c,pending
【LNG】2021SEP 書志翔Bagel咬,https://www.youtube.com/watch?v=Tk5sE6zNUb4,pending
【LNG】2021AUG 我就算中樂透也不會餔,https://www.youtube.com/watch?v=blew5xdbknw,pending
【LNG】2021JUL 鬆帶肌肉聲了就跑去春水溝堂點胖老D炸爹,https://www.youtube.com/watch?v=MNbQ2Qkp3g8,pending
【LNG】2021JUN LNG x DnD,https://www.youtube.com/watch?v=kzb33SFcsuo,pending
【LNG】2021MAY 你是不是想跟我甲匹丁料,https://www.youtube.com/watch?v=NGrxm6XfhaE,pending
【LNG】2021APR 美術80ㄈㄚ水澗規殺人,https://www.youtube.com/watch?v=KwVTA-ty6eo,pending
【LNG】2021MAR ㄤ祿商之爪 抓浩忠瑪琳 冠佑對不起,https://www.youtube.com/watch?v=vJLK6Liz5NU,pending
【LNG】2021FEB 金蘇魯3080拉拉拉拉拉,https://www.youtube.com/watch?v=KIqPbfasJ-E,pending
【LNG】2020DEC 小嘟撒,https://www.youtube.com/watch?v=ZCYGljCYBhw,pending
【LNG】2021JAN 電車難題啦,https://www.youtube.com/watch?v=uDi65YFaLQY,pending
【LNG】2020NOV 吉,https://www.youtube.com/watch?v=VXjn7AP5CiY,pending
【LNG】2020OCT 魯天跟爾豆子在古野家,https://www.youtube.com/watch?v=Y9WnDnTwUbQ,pending
【LNG】2020SEP 喇咬郎BOGI 邱FIGEEMOWI,https://www.youtube.com/watch?v=5YOoRD3uVQI,pending
【LNG】2020AUG 來不來下敢,https://www.youtube.com/watch?v=6-htqfDbrr0,pending
【LNG】2020JUL takenologic,https://www.youtube.com/watch?v=ElyhGHsTJvs,pending
【LNG】2020JUN 9Key 9Key Breeeeee,https://www.youtube.com/watch?v=IDrJSeNRAF0,pending
【LNG】2020MAY：傭兵造句：男友這麼平庸，兵變也是合理的。,https://www.youtube.com/watch?v=645YdbGr3XU,pending
【LNG】2020APR Totalひげ,https://www.youtube.com/watch?v=9R9ZnkyiZNk,pending
【LNG】2020MAR 爽45678,https://www.youtube.com/watch?v=lq7cOtu85bY,pending
【LNG】2020FEB 快糕朝了,https://www.youtube.com/watch?v=qlGJY3XBjaE,pending
【LNG】2020JAN 春酒,https://www.youtube.com/watch?v=P6cQl8ozHyE,pending
【LNG】2019DEC 人格變態,https://www.youtube.com/watch?v=Lr9mSyMI_J8,pending
【LNG】2019OCT 南南東,https://www.youtube.com/watch?v=D7QThoJXOWo,pending
【LNG】2019SEP 去鳥屎家pt1,https://www.youtube.com/watch?v=5GdhjjyvtFs,pending
【LNG】2019SEP 去鳥屎家pt2,https://www.youtube.com/watch?v=V2wQv_-Y5xM,pending
【LNG】20190818 置入雨港基隆,https://www.youtube.com/watch?v=E6lT5rKn1Ds,pending
【LNG】20190728 整段整段學起來 消費三小時,https://www.youtube.com/watch?v=R5GD67YSVUI,pending
【LNG】20190623 REBOUND,https://www.youtube.com/watch?v=ZuGdoU5K7T0,pending
【LNG】20190526 鄉巴佬的日本行,https://www.youtube.com/watch?v=8rJntcD7xKQ,pending
【LNG】20190414 爆開,https://www.youtube.com/watch?v=H1hDzupJWTE,pending
【LNG】20190310 Puzza,https://www.youtube.com/watch?v=RMdHZFhB8Kc,pending
【LNG】20190119 歡樂KTV,https://www.youtube.com/watch?v=UT6MrQSa7Cg,pending
【LNG】20190224 不爽不要玩桌遊,https://www.youtube.com/watch?v=pTOut8XQaCo,pending
【LNG】20181216 忌嘲笑民間藝人,https://www.youtube.com/watch?v=gLcgO4dzyy0,pending
【LNG】20181118 本里規定,https://www.youtube.com/watch?v=cikNqO8W2mo,pending
【LNG】20181020 黃牌 上,https://www.youtube.com/watch?v=BBjnHsni8S8,pending
【LNG】20181020 黃牌 下,https://www.youtube.com/watch?v=7MP2OrNK9Xg,pending
【LNG】20180916 跟各位報告一下，妹妹學台語,https://www.youtube.com/watch?v=6Yx1VLQKW4Q,pending
【LNG】2018 中部台聚實況存檔,https://www.youtube.com/watch?v=h-wU82HPx_c,pending
【LNG】20180819 不~可~能~~~,https://www.youtube.com/watch?v=0izQ8U3yP90,pending
【LNG】2018 北部台聚實況存檔,https://www.youtube.com/watch?v=HQGZOdfrKVA,pending
【LNG】20180708 1!,https://www.youtube.com/watch?v=Qmzk24Fw1rU,pending
【LNG】20180609 從前從前,https://www.youtube.com/watch?v=ynRR3UFlDj8,pending
【LNG】20180513 工商超人,https://www.youtube.com/watch?v=bKljyJONA-M,pending
【LNG】20180408 淦你娘露爆,https://www.youtube.com/watch?v=_uKCO2gIlVA,pending
【LNG】20180318 這個真的算春酒,https://www.youtube.com/watch?v=jqp5nd_WdCA,pending
【LNG】20180219 新春急智歌王,https://www.youtube.com/watch?v=BDwJS2toI1o,pending
【LNG】20180219 ㄅ年行大運,https://www.youtube.com/watch?v=WN2DaOLAtxc,pending
【LNG】20180121 保護世界奇觀,https://www.youtube.com/watch?v=1PdMEAsbJ84,pending
【LNG】20180114 溝溝 power ranger,https://www.youtube.com/watch?v=G09iuBRfyuQ,pending
【LNG】20180101 我們要小改版了,https://www.youtube.com/watch?v=zJyyWyJIj3Q,pending
【LNG】20171203 似顏繪大賽,https://www.youtube.com/watch?v=XvnXXEdMXeM,pending
【LNG】20171203 一二三,https://www.youtube.com/watch?v=jBb9haRzrbc,pending
【LNG】20171112 猜人名pt2,https://www.youtube.com/watch?v=xvG2WB9XwNs,pending
【LNG】20171112 乞丐與他們的產地,https://www.youtube.com/watch?v=R9fWPc9YsoI,pending
【LNG】20171112 猜人名pt1,https://www.youtube.com/watch?v=bwW3iwTfSic,pending
【LNG】20171105 牧場農語,https://www.youtube.com/watch?v=qsyyc5xz8ww,pending
【LNG】20171105 英霸電腦,https://www.youtube.com/watch?v=XvxLlDWzy4U,pending
【LNG】20171022 鼠肯斯坦,https://www.youtube.com/watch?v=LG6tLFMKHw4,pending
【LNG】20171022 活在網遊裡,https://www.youtube.com/watch?v=ipGsTpolk8g,pending
【LNG】20171008 超級雞馬,https://www.youtube.com/watch?v=49krw0agGK4,pending
【LNG】20171008 老王開台,https://www.youtube.com/watch?v=GBpd0fr0CiE,pending
【LNG】201700903 印加寶藏,https://www.youtube.com/watch?v=HTuN2bsKbHc,pending
【LNG】20170903 版權小精靈,https://www.youtube.com/watch?v=BazHOk5Ilsk,pending
【LNG】20170827 你畫我猜,https://www.youtube.com/watch?v=2RrSsIwBios,pending
【LNG】20170827 長子萬事要小心,https://www.youtube.com/watch?v=LLX0V51BJEY,pending
【LNG】20170806 你畫我猜,https://www.youtube.com/watch?v=V55yCo2cAhI,pending
【LNG】20170806 沒默契大考驗,https://www.youtube.com/watch?v=Qkohj2_hkxo,pending
【LNG】20170723 Overwatch,https://www.youtube.com/watch?v=9jwGHg23Y6A,pending
【LNG】20170723 網咖的泡麵特別好吃,https://www.youtube.com/watch?v=71jM1yMVV00,pending
【LNG】20170702 到底玩了多久,https://www.youtube.com/watch?v=F30lhbT9WwA,pending
【LNG】20170618 故事接龍：忍者風太郎,https://www.youtube.com/watch?v=0qfI6agMD60,pending
【LNG】20170618 酷黑雙爸,https://www.youtube.com/watch?v=ARdHyH_Bj2A,pending
【LNG】20170528 Alien Swarm: Reactive Drop,https://www.youtube.com/watch?v=eoM8N03JglM,pending
【LNG】20170528 自我懷疑之夜,https://www.youtube.com/watch?v=EGOXtMmViKE,pending
【LNG】20170514 如果開餐廳,https://www.youtube.com/watch?v=J2M_U8i81RI,pending
【LNG】20170423 Gang Beasts,https://www.youtube.com/watch?v=jc_FFH2-aX0,pending
【LNG】20170423 孔子包遊覽車,https://www.youtube.com/watch?v=gMS7yIhQaIA,pending
【LNG】20170409 熏暗太怯帥,https://www.youtube.com/watch?v=V2S8SKvUNdE,pending
【LNG】20170409 Gang Beasts,https://www.youtube.com/watch?v=4MC-6uhtJ00,pending
【LNG】20170402 LoL,https://www.youtube.com/watch?v=5nFaO2kkPbQ,pending
【LNG】20170402 一次五塊錢,https://www.youtube.com/watch?v=C3aFO6x9Th0,pending
【LNG】20170319 LoL ARAM,https://www.youtube.com/watch?v=RboX0PMr5_M,pending
【LNG】20170319 小美奇遇記,https://www.youtube.com/watch?v=JQjHoC8El4A,pending
【LNG】20170312 Tricky Tower,https://www.youtube.com/watch?v=WqZjKt1ve_E,pending
【LNG】20170312 小學生的汗,https://www.youtube.com/watch?v=uldn77dCcwQ,pending
【LNG】20170305 隨機阿福,https://www.youtube.com/watch?v=xUqf_4zLX_Q,pending
【LNG】20170305 肚子餓餓的夜晚,https://www.youtube.com/watch?v=CYOE4VlvdQM,pending
【LNG】20170219 Drawful2 LoL,https://www.youtube.com/watch?v=gnvnF8cZh9E,pending
【LNG】20170219 極度激凸禿頭涂,https://www.youtube.com/watch?v=xPgf_x2dMew,pending
【LNG】20170212 殘酷二選一,https://www.youtube.com/watch?v=kZ3hgZevq4s,pending
【LNG】20170212 Tricky Tower,https://www.youtube.com/watch?v=Kogbx5RIH1c,pending
【LNG】20170115 看看以前的自己,https://www.youtube.com/watch?v=Lh7Dt8JRHJE,pending
【LNG】20170108 Chivalry 中世紀砍砍,https://www.youtube.com/watch?v=jYIHKjDszLo,pending
【LNG】20170108 掩飾禿頭還是空氣瀏海,https://www.youtube.com/watch?v=IN1CgIpJacg,pending
【LNG】2017 真的有看信,https://www.youtube.com/watch?v=_vTiozNuxRI,pending
【LNG】20161218 LOL普羅王 Dota2國王TD,https://www.youtube.com/watch?v=AIr5qCtAoBg,pending
【LNG】20161218 香山居士也想談戀愛,https://www.youtube.com/watch?v=QAwCwImcxKY,pending
【LNG】20161127 偶鼻喉摳,https://www.youtube.com/watch?v=c4ghCCKjE1Y,pending
【LNG】20161120 Gmod 重灌就好了，不用跟我說解決辦法,https://www.youtube.com/watch?v=jqPbki_fOZw,pending
【LNG】20161030 社會有夠爛,https://www.youtube.com/watch?v=RGRaLoX-f3g,pending
【LNG】20161023,https://www.youtube.com/watch?v=jKH1Jvv8B_0,pending
【LNG】20161016 醜照一籮筐,https://www.youtube.com/watch?v=NGlAwEIzLj0,pending
【LNG】20160828 台北不是你的家,https://www.youtube.com/watch?v=KwDLn2gz8ag,pending
【LNG】20160814 勃~~~,https://www.youtube.com/watch?v=2s1R_w4aKaw,pending
【LNG】20160807 PokemonGO開了,https://www.youtube.com/watch?v=9cC_AX0mQj8,pending
【LNG】20160724 蛋玩論破 pt2,https://www.youtube.com/watch?v=RtEvlASETcs,pending
【LNG】20160724 蛋玩論破 pt1,https://www.youtube.com/watch?v=u_vCONsybHg,pending
【LNG】20160710 在家跳奇怪的舞,https://www.youtube.com/watch?v=kmxHbOrCJJY,pending
【LNG】20160703 我會努力澆熱水,https://www.youtube.com/watch?v=p2TMEFe5Xyk,pending
【LNG】20160626 啊啊啊啊啊啊,https://www.youtube.com/watch?v=I0ivEKs99Dw,pending
【LNG】20160619 屌人國,https://www.youtube.com/watch?v=eUnutFre30Y,pending
【LNG】20160605 第二次注音文大戰,https://www.youtube.com/watch?v=if3Syfz5Boo,pending
【LNG】20160529 大家抱歉不要告我們,https://www.youtube.com/watch?v=OpePplwD5ls,pending
【LNG】20160522 到底要唱什麼歌啦,https://www.youtube.com/watch?v=hgdYARrYe48,pending
【LNG】20160515 閻孝國!,https://www.youtube.com/watch?v=Jgfv63xuH44,pending
【LNG】20160501 陪伴童年的港片,https://www.youtube.com/watch?v=jmJl-Z1yTTE,pending
【LNG】20160417 詩情畫意,https://www.youtube.com/watch?v=nxWJ_TU4J5c,pending
【LNG】2016/04/10 燒餅DJ台,https://www.youtube.com/watch?v=GbUNeZTRfxc,pending
【LNG】2016/03/13 老王睡著了 pt2,https://www.youtube.com/watch?v=D4aUP7-DZyw,pending
【LNG】2016/03/13 老王睡著了 pt1,https://www.youtube.com/watch?v=0Ey0yYWTH4E,pending
【LNG】2016/02/28 上,https://www.youtube.com/watch?v=sxmYCcpgwXk,pending
【LNG】2016/02/28 下,https://www.youtube.com/watch?v=aWqpguXhZTc,pending
【LNG】2016/02/21 WABIS,https://www.youtube.com/watch?v=4U5dzK2zG28,pending
【LNG】2016/02/14 維基解密,https://www.youtube.com/watch?v=7WLMY2KOMkY,pending
【LNG】2016/02/07 購物狂的異想世界,https://www.youtube.com/watch?v=Tb6oc7ZNuMI,pending
【LNG】2016/01/17 3D屌力全開,https://www.youtube.com/watch?v=zxncA71h-Tw,pending
【LNG】2016/01/10 鳥~~人~~,https://www.youtube.com/watch?v=vlinh-NJn-o,pending
【LNG】2016/01/03 雞籃高手,https://www.youtube.com/watch?v=Gkxwb741p4I,pending
【LNG】2016/01/03 超級說書人後面小二病,https://www.youtube.com/watch?v=ByXlM8J2c-w,pending
LNG 日常：為什麼肋排附的是奶油刀,https://www.youtube.com/watch?v=W7_INyTVBBg,pending
LNG 日常：大家的信我們有看,https://www.youtube.com/watch?v=_wUz3YL-MmI,pending
LNG 日常：2015到2016的跨年不准笑pt2,https://www.youtube.com/watch?v=CA3nQGOwr2Y,pending
LNG 日常：2015到2016的跨年不准笑pt1,https://www.youtube.com/watch?v=dDKv89TsJc4,pending
【LNG】2015/12/26 交換禮物好像都很爛,https://www.youtube.com/watch?v=Q4qIk5KeS4c,pending
【LNG】2015/12/19 超級繞口令大戰,https://www.youtube.com/watch?v=sArbyWTpPZg,pending
【LNG小劇場】遇到的糗事,https://www.youtube.com/watch?v=uk57aD1HTe0,pending
【LNG】2015/11/29  公公他偏頭銅,https://www.youtube.com/watch?v=47QS_7fdVrs,pending
【LNG】2015/11/15 第二次超級急智人大戰 食物篇,https://www.youtube.com/watch?v=cUWwu439Pmk,pending
【LNG】2015/11/08 超級急智人大戰 食物篇,https://www.youtube.com/watch?v=uN9xrlom7X4,pending
【LNG】2015/10/11 自奶也,https://www.youtube.com/watch?v=Zt3yAU2GJ5E,pending
【LNG】2015/09/13 到底要睡多久,https://www.youtube.com/watch?v=tvHugIUKbbU,pending
【LNG】2015/09/05 最深層的髒話,https://www.youtube.com/watch?v=CrNyi7EvJ6o,pending
【LNG小劇場】如果LNG是電競選手的話,https://www.youtube.com/watch?v=sMSoTJw3huI,pending
【LNG】2015/08/22 You know what I saying? pt1,https://www.youtube.com/watch?v=gvxtX-vudeI,pending
【LNG】2015/08/22 You know what I saying? pt2,https://www.youtube.com/watch?v=2o64uP0A0F8,pending
【LNG】2015/08/16 超負面Tshirt,https://www.youtube.com/watch?v=LySij8QHWhU,pending
【LNG】2015/08/09 When I see you again~,https://www.youtube.com/watch?v=NQl9mt5u-B8,pending
【LNG】2015/08/02 大家都很累,https://www.youtube.com/watch?v=eVu9AH3kU6E,pending
【LNG】2015/07/26 食指尿尿 NICE!,https://www.youtube.com/watch?v=HbyQg2kCaZw,pending
【LNG】2015/07/19 作夢高爾夫,https://www.youtube.com/watch?v=HjH-VfjnnOE,pending
【LNG】2015/07/12 超沒幹勁的一天 pt1,https://www.youtube.com/watch?v=Cpr2RPVegKA,pending
【LNG】2015/07/12 超沒幹勁的一天 pt2,https://www.youtube.com/watch?v=MJLMQeNRUBk,pending
【LNG】2015/07/05 不爽快食物大全,https://www.youtube.com/watch?v=-oIwhcZXkGE,pending
【LNG】2015/06/28 我不是暴龍,https://www.youtube.com/watch?v=btwMZ8LJI4s,pending
【LNG】2015/06/20 我要揍死你 pt2,https://www.youtube.com/watch?v=i9KdKV63dl0,pending
【LNG】2015/06/20 我要揍死你 pt1,https://www.youtube.com/watch?v=nvdoqTgWccw,pending
【LNG】2015/06/06 絞盡腦汁之夜 pt2,https://www.youtube.com/watch?v=Ijdeyqc-2-s,pending
【LNG】2015/06/06 絞盡腦汁之夜 pt1,https://www.youtube.com/watch?v=rYHFiiR_Sys,pending
【LNG】2015/05/24 猴~~~我要寫私訊,https://www.youtube.com/watch?v=LaJYMwS4mFI,pending
【LNG】2015/05/17 全年度的問題都不要問,https://www.youtube.com/watch?v=TKGM2EjtT7Y,pending
【LNG】2015/05/10 一直斷線 pt1,https://www.youtube.com/watch?v=O3TZigX94pM,pending
【LNG】2015/05/10 一直斷線 pt2,https://www.youtube.com/watch?v=-zb2o8Z7lKc,pending
【LNG】2015/05/03 哎唷～好吃！ pt2,https://www.youtube.com/watch?v=j4_IMkH67ww,pending
【LNG】2015/05/03 哎唷～好吃！ pt1,https://www.youtube.com/watch?v=0X8CZqyysf4,pending
【LNG】2015/04/26 如果我有30億,https://www.youtube.com/watch?v=ToV0tND9r2M,pending
【LNG】2015/04/19 卡祖笛大濕,https://www.youtube.com/watch?v=KmS0RZ8JRlc,pending
【LNG小劇場】不敢買保險套,https://www.youtube.com/watch?v=oFRvp6qZsik,pending
【LNG】2015/03/29 我只是練肖為,https://www.youtube.com/watch?v=DLuPZrOfrz8,pending
【LNG】2015/03/22 八毛回來牛頭王 pt3,https://www.youtube.com/watch?v=mXld61GC6eA,pending
【LNG】2015/03/22 八毛回來牛頭王 pt2,https://www.youtube.com/watch?v=9DHPfC_qhYU,pending
【LNG】2015/03/22 八毛回來牛頭王 pt1,https://www.youtube.com/watch?v=rmYlcqea0oo,pending
【LNG】2015/03/22 八毛回來牛頭王 pt4,https://www.youtube.com/watch?v=N_n2g_JSzw8,pending
【LNG】2015/03/08 八毛當兵趣,https://www.youtube.com/watch?v=x5HewN-JWls,pending
【LNG】2015/02/22 翔翔的夢幻世界,https://www.youtube.com/watch?v=hqdg1_sMyAY,pending
【LNG】2015/02/15 懂~恩答~~~,https://www.youtube.com/watch?v=x_7CU8P_3QA,pending
【LNG】2015/02/08 別挨餓啊,https://www.youtube.com/watch?v=gkd3Fzu1Bn8,pending
【LNG】2015/02/01 毒奶雞排不加辣,https://www.youtube.com/watch?v=6U48JV6Eows,pending
【LNG】2015/01/11 被笑妄想症,https://www.youtube.com/watch?v=WuTwm9UMhlA,pending
【LNG】2015/01/04 等ㄌ~登ㄉㄌㄌ pt2,https://www.youtube.com/watch?v=kz_4DySfaoE,pending
【LNG】2015/01/04 等ㄌ~登ㄉㄌㄌ pt1,https://www.youtube.com/watch?v=B0vC3WV4VXU,pending
【LNG 日常】拼人臉遊戲#2,https://www.youtube.com/watch?v=S3KCtg6YX_g,pending
【LNG 日常】拼人臉遊戲#3,https://www.youtube.com/watch?v=G8TQa0DKvy0,pending
【LNG 日常】拼人臉遊戲#1,https://www.youtube.com/watch?v=owb11oWqSoA,pending
【LNG】2014/12/28 不知道在幹嘛,https://www.youtube.com/watch?v=4Uh4QbL6oAs,pending
【LNG】2014/12/21 關鍵性普羅王大戰 (Part 16),https://www.youtube.com/watch?v=iKE9FjqPOP4,pending
【LNG】2014/12/21 關鍵性普羅王大戰 (Part 15),https://www.youtube.com/watch?v=9PntjleYUwI,pending
【LNG】2014/12/21 關鍵性普羅王大戰 (Part 14),https://www.youtube.com/watch?v=xQ4a0IIExVo,pending
【LNG】2014/12/21 關鍵性普羅王大戰 (Part 13),https://www.youtube.com/watch?v=gnguPxSYHKE,pending
【LNG】2014/12/21 關鍵性普羅王大戰 (Part 12),https://www.youtube.com/watch?v=kaIea7g6xfI,pending
【LNG】2014/12/21 關鍵性普羅王大戰 (Part 11),https://www.youtube.com/watch?v=9zi9cNhkmEM,pending
【LNG】2014/12/21 關鍵性普羅王大戰 (Part 10),https://www.youtube.com/watch?v=IpE7ALRMQ7s,pending
【LNG】2014/12/21 關鍵性普羅王大戰 (Part 9),https://www.youtube.com/watch?v=-4jaSBkvxC8,pending
【LNG】2014/12/21 關鍵性普羅王大戰 (Part 8),https://www.youtube.com/watch?v=nDAlCgLiVKA,pending
【LNG】2014/12/21 關鍵性普羅王大戰 (Part 7),https://www.youtube.com/watch?v=RfestyaET7c,pending
【LNG】2014/12/21 關鍵性普羅王大戰 (Part 6),https://www.youtube.com/watch?v=B6bM1ivCXPc,pending
【LNG】2014/12/21 關鍵性普羅王大戰 (Part 5),https://www.youtube.com/watch?v=rc0I5d_PNyA,pending
【LNG】2014/12/21 關鍵性普羅王大戰 (Part 4),https://www.youtube.com/watch?v=MccsRO4GnJk,pending
【LNG】2014/12/21 關鍵性普羅王大戰 (Part 3),https://www.youtube.com/watch?v=97Q73Q4YA2g,pending
【LNG】2014/12/21 關鍵性普羅王大戰 (Part 2),https://www.youtube.com/watch?v=isfga9wQUf0,pending
【LNG】2014/12/21 關鍵性普羅王大戰 (Part 1),https://www.youtube.com/watch?v=P2Ud7Oiivvo,pending
【LNG】2014/12/06 找安找安 - 2 / 2,https://www.youtube.com/watch?v=xFD7DDtk3Mk,pending
【LNG】2014/12/06 找安找安 - 1 / 2,https://www.youtube.com/watch?v=MTFP8IPkFMI,pending
【LNG】2014/11/23 閒聊+Trove - 3 / 3,https://www.youtube.com/watch?v=CB0kAswkxP8,pending
【LNG】2014/11/23 閒聊+Trove - 2 / 3,https://www.youtube.com/watch?v=Ex9EIQMEVgc,pending
【LNG】2014/11/23 閒聊+Trove - 1 / 3,https://www.youtube.com/watch?v=3c59qYkLp00,pending
【LNG】2014/11/15 惱怒的情侶行為 - 8 / 8,https://www.youtube.com/watch?v=5umPKmLYQlQ,pending
【LNG】2014/11/15 惱怒的情侶行為 - 7 / 8,https://www.youtube.com/watch?v=pIZdpRa8MWQ,pending
【LNG】2014/11/15 惱怒的情侶行為 - 6 / 8,https://www.youtube.com/watch?v=qsm-Rnqi8xY,pending
【LNG】2014/11/15 惱怒的情侶行為 - 5 / 8,https://www.youtube.com/watch?v=PSXxOQnzipI,pending
【LNG】2014/11/15 惱怒的情侶行為 - 4 / 8,https://www.youtube.com/watch?v=qZbncUlLhtA,pending
【LNG】2014/11/15 惱怒的情侶行為 - 3 / 8,https://www.youtube.com/watch?v=GHd4bpHgK1o,pending
【LNG】2014/11/15 惱怒的情侶行為 - 2 / 8,https://www.youtube.com/watch?v=uKUPsBleUw0,pending
【LNG】2014/11/15 惱怒的情侶行為 - 1 / 8,https://www.youtube.com/watch?v=JfyLmLDIRtU,pending
【LNG】2014/11/08 老電影老歌曲 - 2 / 2,https://www.youtube.com/watch?v=6LqZQCXQWCY,pending
【LNG】2014/11/08 老電影老歌曲 - 1 / 2,https://www.youtube.com/watch?v=2tUWGkPQdVo,pending
【LNG小劇場】第一次遇見老王,https://www.youtube.com/watch?v=bCBcH5IXPEg,pending
【LNG】2014/10/25 Unturned - 1 / 3,https://www.youtube.com/watch?v=mPsnztf-N0U,pending
【LNG】2014/10/25 Unturned - 3 / 3,https://www.youtube.com/watch?v=4fjcu26x7UU,pending
【LNG】2014/10/25 Unturned - 2 / 3,https://www.youtube.com/watch?v=YHE8fQCHHSo,pending
【LNG】2014/10/19  閒聊 + Killing Floor + ARAM - 2 / 3,https://www.youtube.com/watch?v=G4HfKOAuhJA,pending
【LNG】2014/10/19  閒聊 + Killing Floor + ARAM - 3 / 3,https://www.youtube.com/watch?v=d2WObczhIIc,pending
【LNG】2014/10/19  閒聊 + Killing Floor + ARAM - 1 / 3,https://www.youtube.com/watch?v=pYpkDzCgY4U,pending
【LNG】2014/10/12  老洨勃道尼 and 桌遊 - 2 / 3,https://www.youtube.com/watch?v=ZXKrD9_1zeg,pending
【LNG】2014/10/12  老洨勃道尼 and 桌遊 - 1 / 3,https://www.youtube.com/watch?v=nbeq5cFFDOM,pending
【LNG】2014/10/12  老洨勃道尼 and 桌遊 - 3 / 3,https://www.youtube.com/watch?v=GU0MIxEo77A,pending
【LNG】2014/09/28 LNG十萬訂閱鳥屎女裝 - 6 / 6,https://www.youtube.com/watch?v=ZgcWjhp8Zn8,pending
【LNG】2014/09/28 LNG十萬訂閱鳥屎女裝 - 5 / 6,https://www.youtube.com/watch?v=xUdzAjbBT3Y,pending
【LNG】2014/09/28 LNG十萬訂閱鳥屎女裝 - 4 / 6,https://www.youtube.com/watch?v=OWCQNhachr4,pending
【LNG】2014/09/28 LNG十萬訂閱鳥屎女裝 - 3 / 6,https://www.youtube.com/watch?v=-6yDt5F1EnI,pending
【LNG】2014/09/28 LNG十萬訂閱鳥屎女裝 - 2 / 6,https://www.youtube.com/watch?v=Qq3mOOWG3u0,pending
【LNG】2014/09/28 LNG十萬訂閱鳥屎女裝 - 1 / 6,https://www.youtube.com/watch?v=ul3BtBl5p5c,pending
【LNG】2014/10/05  閒聊 + Cubic Castle - 1 / 3,https://www.youtube.com/watch?v=k-xqCutXTTg,pending
【LNG】2014/10/05  閒聊 + Cubic Castle - 2 / 3,https://www.youtube.com/watch?v=ips1YvqF-Jg,pending
【LNG】2014/10/05  閒聊 + Cubic Castle - 3 / 3,https://www.youtube.com/watch?v=6IeSauNXacA,pending
【LNG】2014/09/28  二次元的菜 - 1 / 3,https://www.youtube.com/watch?v=TawRVU40Sno,pending
【LNG】2014/09/28  二次元的菜 - 2 / 3,https://www.youtube.com/watch?v=QKrR_ZN25dg,pending
【LNG】2014/09/28  二次元的菜 - 3 / 3,https://www.youtube.com/watch?v=FOyVXRnoGW0,pending
【LNG】2014/09/21  LNG 隨堂考 - 3 / 3,https://www.youtube.com/watch?v=7S8AQ5wNUKI,pending
【LNG】2014/09/21  LNG 隨堂考 - 2 / 3,https://www.youtube.com/watch?v=kz-413nJ4ic,pending
【LNG】2014/09/21  LNG 隨堂考 - 1 / 3,https://www.youtube.com/watch?v=5eLoy37q0PA,pending
LNG 台南行,https://www.youtube.com/watch?v=xx2XSotnPfA,pending
LNG 中秋烤肉,https://www.youtube.com/watch?v=IjlxbCBCXNw,pending
【LNG】2014/09/07  閒聊 + 一場戰隊積分 - 2 / 2,https://www.youtube.com/watch?v=IYDVDAsstEM,pending
【LNG】2014/09/07  閒聊 + 一場戰隊積分 - 1 / 2,https://www.youtube.com/watch?v=wuU4lLWXs4A,pending
LNG WorkShop Youtube 10萬訂閱,https://www.youtube.com/watch?v=BLYP_dP0Dgs,pending
【LNG】2014/08/24  懷舊閒聊 - 1 / 2,https://www.youtube.com/watch?v=nl1Hs1W2Cfs,pending
【LNG】2014/08/24  懷舊閒聊 - 2 / 2,https://www.youtube.com/watch?v=z4YBxLOQA1E,pending
LNG 實況紀錄 2014/08/09 亂搞Skin - 1 / 2,https://www.youtube.com/watch?v=IQbZbIdVJcE,pending
LNG 實況紀錄 2014/08/09 亂搞Skin - 2 / 2,https://www.youtube.com/watch?v=F65JVYrMP50,pending
LNG 實況紀錄 2014/08/03 實況存檔,https://www.youtube.com/watch?v=X-4E1qx7vfA,pending
LNG 實況紀錄 2014/07/13 實況存檔,https://www.youtube.com/watch?v=iVrgnImAAEE,pending
LNG 實況紀錄 2014/07/06 實況存檔 pt09,https://www.youtube.com/watch?v=t3LMwwW9dL0,pending
LNG 實況紀錄 2014/07/06 實況存檔 pt08,https://www.youtube.com/watch?v=NsOQOlDmIkQ,pending
LNG 實況紀錄 2014/07/06 實況存檔 pt07,https://www.youtube.com/watch?v=WglQpGseiw4,pending
LNG 實況紀錄 2014/07/06 實況存檔 pt06,https://www.youtube.com/watch?v=-JN2nZmg21g,pending
LNG 實況紀錄 2014/07/06 實況存檔 pt05,https://www.youtube.com/watch?v=6kfdpncaB8o,pending
LNG 實況紀錄 2014/07/06 實況存檔 pt04,https://www.youtube.com/watch?v=h0HQD8JABqE,pending
LNG 實況紀錄 2014/07/06 實況存檔 pt03,https://www.youtube.com/watch?v=-Q4lOP6BJoM,pending
LNG 實況紀錄 2014/07/06 實況存檔 pt02,https://www.youtube.com/watch?v=czx1Er9qzqo,pending
LNG 實況紀錄 2014/07/06 實況存檔 pt01,https://www.youtube.com/watch?v=Hw2N3M0Xa70,pending
LNG 實況紀錄 2014/06/22 實況存檔,https://www.youtube.com/watch?v=V2KbYAtZCrU,pending
LNG 實況紀錄 2014/06/15 實況存檔 pt11,https://www.youtube.com/watch?v=8WyvxEKQlkg,pending
LNG 實況紀錄 2014/06/15 實況存檔 pt10,https://www.youtube.com/watch?v=HypPrDMUPww,pending
LNG 實況紀錄 2014/06/15 實況存檔 pt9,https://www.youtube.com/watch?v=jJbqnV5Pfnc,pending
LNG 實況紀錄 2014/06/15 實況存檔 pt8,https://www.youtube.com/watch?v=nt_zyFinFh0,pending
LNG 實況紀錄 2014/06/15 實況存檔 pt7,https://www.youtube.com/watch?v=jMpNCdmnSpM,pending
LNG 實況紀錄 2014/06/15 實況存檔 pt6,https://www.youtube.com/watch?v=zWzhTj2Q8KM,pending
LNG 實況紀錄 2014/06/15 實況存檔 pt5,https://www.youtube.com/watch?v=_Rx-KB-j-Wo,pending
LNG 實況紀錄 2014/06/15 實況存檔 pt4,https://www.youtube.com/watch?v=IF7qHmUixxE,pending
LNG 實況紀錄 2014/06/15 實況存檔 pt3,https://www.youtube.com/watch?v=ljRzmt3N7B4,pending
LNG 實況紀錄 2014/06/15 實況存檔 pt2,https://www.youtube.com/watch?v=Dx74tU-UtAw,pending
LNG 實況紀錄 2014/06/15 實況存檔 pt1,https://www.youtube.com/watch?v=ifgqeTrJCNg,pending
LNG 實況紀錄 2014/06/01 實況存檔,https://www.youtube.com/watch?v=mrORs8yPxlY,pending
LNG 實況紀錄 2014/05/25 實況存檔,https://www.youtube.com/watch?v=rxc9YvAZbac,pending
LNG 實況紀錄 2014/05/18 實況存檔pt2,https://www.youtube.com/watch?v=fp2WZfQ-A-A,pending
LNG 實況紀錄 2014/05/18 實況存檔pt1,https://www.youtube.com/watch?v=Nrnx_Y5wo-4,pending
LNG 實況紀錄 2014/05/11 實況存檔pt2,https://www.youtube.com/watch?v=par91Y9nJ4U,pending
LNG 實況紀錄 2014/05/11 實況存檔pt1,https://www.youtube.com/watch?v=ia3RFy8D_1k,pending
LNG 實況紀錄 2014/05/04 實況存檔,https://www.youtube.com/watch?v=MObhXH7RpXs,pending
LNG 實況紀錄 2014/04/27 聊天Part,https://www.youtube.com/watch?v=Coakhi07tXM,pending
LNG 實況紀錄 2014/04/27 還是躲貓貓 pt2,https://www.youtube.com/watch?v=VO4S4l3PCV8,pending
LNG 實況紀錄 2014/04/27 還是躲貓貓 pt1,https://www.youtube.com/watch?v=vLfR-I6GSXU,pending
LNG 實況紀錄 2014/04/13 Garry'mod Prop Hunt,https://www.youtube.com/watch?v=fiVR8aLY9U0,pending
LNG日常：LOL拳擊節 (?),https://www.youtube.com/watch?v=uM2xhH3myIs,pending
LNG Live：CoD: Ghosts 決勝時刻：魅影＃１１ＥＮＤ,https://www.youtube.com/watch?v=pfffJ_aDvtM,pending
LNG Live：CoD: Ghosts 決勝時刻：魅影＃１０,https://www.youtube.com/watch?v=VDhRmTTtxWI,pending
LNG Live：CoD: Ghosts 決勝時刻：魅影＃９,https://www.youtube.com/watch?v=SHut7TqxpTo,pending
LNG Live：CoD: Ghosts 決勝時刻：魅影＃８,https://www.youtube.com/watch?v=tjA47VQk7A0,pending
LNG Live：CoD: Ghosts 決勝時刻：魅影＃７,https://www.youtube.com/watch?v=ZbNL7yg3ZLg,pending
LNG Live：CoD: Ghosts 決勝時刻：魅影＃６,https://www.youtube.com/watch?v=P5_lkiZCoY8,pending
LNG Live：CoD: Ghosts 決勝時刻：魅影＃５,https://www.youtube.com/watch?v=BsgkX5krgHE,pending
LNG Live：CoD: Ghosts 決勝時刻：魅影＃４,https://www.youtube.com/watch?v=_aerKDL7FyU,pending
LNG Live：CoD: Ghosts 決勝時刻：魅影＃３,https://www.youtube.com/watch?v=77R1AUDFwzs,pending
LNG Live：CoD: Ghosts 決勝時刻：魅影＃２,https://www.youtube.com/watch?v=zvxIKvEz8MU,pending
LNG Live：CoD: Ghosts 決勝時刻：魅影＃１,https://www.youtube.com/watch?v=1t9Q-qTx7UQ,pending
LNG Live：BioHazard6 with Leggy：跟Leggy玩惡靈古堡六代＃１８Ｅｎｄ,https://www.youtube.com/watch?v=kH8bg5j-owA,pending
LNG Live：BioHazard6 with Leggy：跟Leggy玩惡靈古堡六代＃１７,https://www.youtube.com/watch?v=tMLvYh7mp-U,pending
LNG Live：BioHazard6 with Leggy：跟Leggy玩惡靈古堡六代＃１６,https://www.youtube.com/watch?v=RWm_-TFWnBI,pending
LNG Live：BioHazard6 with Leggy：跟Leggy玩惡靈古堡六代＃１５,https://www.youtube.com/watch?v=bKtpTCw4IxM,pending
Leggy台實況存檔 2013/11/10,https://www.youtube.com/watch?v=snboKBDhnd4,pending
LNG Live：BioHazard6 with Leggy：跟Leggy玩惡靈古堡六代＃１４,https://www.youtube.com/watch?v=ZB99fCyaCYI,pending
LNG Live：BioHazard6 with Leggy：跟Leggy玩惡靈古堡六代＃１３,https://www.youtube.com/watch?v=4zwc02ed6Mo,pending
LNG Live：BioHazard6 with Leggy：跟Leggy玩惡靈古堡六代＃１２,https://www.youtube.com/watch?v=INa85JpHn8w,pending
LNG Live：BioHazard6 with Leggy：跟Leggy玩惡靈古堡六代＃１１,https://www.youtube.com/watch?v=dQqCIsos3L4,pending
LNG Live：BioHazard6 with Leggy：跟Leggy玩惡靈古堡六代＃１０,https://www.youtube.com/watch?v=gdbXUtLddPU,pending
LNG Live：BioHazard6 with Leggy：跟Leggy玩惡靈古堡六代＃０９,https://www.youtube.com/watch?v=Q_n0HCvkvB4,pending
LNG Live：BioHazard6 with Leggy：跟Leggy玩惡靈古堡六代＃０８,https://www.youtube.com/watch?v=UGim6WiObB8,pending
LNG Live：BioHazard6 with Leggy：跟Leggy玩惡靈古堡六代＃０７,https://www.youtube.com/watch?v=GEffDRDoVKM,pending
LNG Live：BioHazard6 with Leggy：跟Leggy玩惡靈古堡六代＃０６,https://www.youtube.com/watch?v=ok8FWZ_mYWI,pending
LNG Live：BioHazard6 with Leggy：跟Leggy玩惡靈古堡六代＃０５,https://www.youtube.com/watch?v=qjqzEcV-KPI,pending
LNG Live：BioHazard6 with Leggy：跟Leggy玩惡靈古堡六代＃０４,https://www.youtube.com/watch?v=2BOPAVlqELw,pending
LNG Live：BioHazard6 with Leggy：跟Leggy玩惡靈古堡六代＃０３,https://www.youtube.com/watch?v=1uQuNK4Vsac,pending
LNG Live：BioHazard6 with Leggy：跟Leggy玩惡靈古堡六代＃０２,https://www.youtube.com/watch?v=OFOh9_YWyNo,pending
LNG Live：BioHazard6 with Leggy：跟Leggy玩惡靈古堡六代＃０１,https://www.youtube.com/watch?v=UndnG78WsD4,pending
LNG Live：Beyond Two Souls：超能殺機＃２０ END (劇情討論),https://www.youtube.com/watch?v=G5732H0uzmw,pending
LNG Live：Beyond Two Souls：超能殺機＃１９,https://www.youtube.com/watch?v=jEgT7CuHiZM,pending
LNG Live：Beyond Two Souls：超能殺機＃１８,https://www.youtube.com/watch?v=SXmM0IAncZE,pending
LNG Live：Beyond Two Souls：超能殺機＃１７,https://www.youtube.com/watch?v=g-DE7B_4MyM,pending
LNG Live：Beyond Two Souls：超能殺機＃１６,https://www.youtube.com/watch?v=9mfYDkt8SOk,pending
LNG Live：Beyond Two Souls：超能殺機＃１５,https://www.youtube.com/watch?v=jGqPfP_pN9M,pending
LNG Live：Beyond Two Souls：超能殺機＃１４,https://www.youtube.com/watch?v=rSGJWH0QVGs,pending
LNG Live：Beyond Two Souls：超能殺機＃１３,https://www.youtube.com/watch?v=o_Ga5xDrZ8c,pending
LNG Live：Beyond Two Souls：超能殺機＃１２,https://www.youtube.com/watch?v=FfBU6ZCqCpo,pending
LNG Live：Beyond Two Souls：超能殺機＃１１,https://www.youtube.com/watch?v=NH7BSNX9O-I,pending
LNG WorkShop Intro,https://www.youtube.com/watch?v=5btx2x9JX98,pending
LNG Live：Beyond Two Souls：超能殺機＃１０,https://www.youtube.com/watch?v=Pe2ihhaPmIs,pending
LNG Live：Beyond Two Souls：超能殺機＃９,https://www.youtube.com/watch?v=DilU8t6QzjI,pending
LNG Live：Beyond Two Souls：超能殺機＃８,https://www.youtube.com/watch?v=Wqu60eIoJYA,pending
LNG Live：Beyond Two Souls：超能殺機＃７,https://www.youtube.com/watch?v=YbekJ2rtRLM,pending
LNG Live：Beyond Two Souls：超能殺機＃６,https://www.youtube.com/watch?v=JLgP7FaPzOs,pending
LNG Live：Beyond Two Souls：超能殺機＃５,https://www.youtube.com/watch?v=GgJq1QOwbQk,pending
LNG Live：Beyond Two Souls：超能殺機＃４,https://www.youtube.com/watch?v=wQBFTEGXvSE,pending
LNG Live：Beyond Two Souls：超能殺機＃３,https://www.youtube.com/watch?v=BqNAtTjU4eI,pending
LNG Live：Beyond Two Souls：超能殺機＃２,https://www.youtube.com/watch?v=78-PfAC74RI,pending
LNG Live：Beyond Two Souls：超能殺機＃１,https://www.youtube.com/watch?v=EbE2IiFmV_Y,pending
LNG Live：学園ハンサム ＃７ (完結),https://www.youtube.com/watch?v=AXVGAhByR-4,pending
LNG Live：学園ハンサム ＃６,https://www.youtube.com/watch?v=ZYsHB1m2_hg,pending
LNG Live：学園ハンサム ＃４,https://www.youtube.com/watch?v=glL6Wk9Z34I,pending
LNG Live：学園ハンサム ＃３,https://www.youtube.com/watch?v=0Rc-Ng1Pw2E,pending
LNG Live：学園ハンサム ＃２,https://www.youtube.com/watch?v=5tw2jpSGhdg,pending
LNG Live：爐石戰記 Hearth Stone 6tan試玩 P10,https://www.youtube.com/watch?v=jwaIoL8UTdM,pending
LNG Live：爐石戰記 Hearth Stone 6tan試玩 P9,https://www.youtube.com/watch?v=6nBiruKtsR0,pending
LNG Live：爐石戰記 Hearth Stone 6tan試玩 P8,https://www.youtube.com/watch?v=StxkITSqxu0,pending
LNG Live：爐石戰記 Hearth Stone 6tan試玩 P7,https://www.youtube.com/watch?v=1le4ftQMOWs,pending
LNG Live：爐石戰記 Hearth Stone 6tan試玩 P6,https://www.youtube.com/watch?v=sUyFV7AlpzQ,pending
LNG Live：爐石戰記 Hearth Stone 6tan試玩 P4,https://www.youtube.com/watch?v=V7gjhkCQxtM,pending
LNG Live：爐石戰記 Hearth Stone 6tan試玩 P3,https://www.youtube.com/watch?v=gsKlJG4-APQ,pending
LNG Live：爐石戰記 Hearth Stone 6tan試玩 P2,https://www.youtube.com/watch?v=MHkDlguluTU,pending
LNG Live：爐石戰記 Hearth Stone 6tan試玩 P1,https://www.youtube.com/watch?v=Waaot0CStjU,pending
LNG Live：爐石戰記 Hearth Stone 6tan試玩 P5,https://www.youtube.com/watch?v=tG8hdPMbSw0,pending
LNG Gaming：SMS Racing 開車車×傳訊訊,https://www.youtube.com/watch?v=E9uBT4PUOB4,pending
LNG日常：噗浪表情模擬,https://www.youtube.com/watch?v=IXxRRz59OXU,pending
LNG Singing：Bruno Mars - When I Was Your Man (Niaws Cover),https://www.youtube.com/watch?v=bRCZ9I2y11U,pending
LNG日常：粉絲團& Youtube訂閱40000人達成~,https://www.youtube.com/watch?v=1PQNj5rOkZw,pending
LNG Live：Metro Last Light 戰慄深邃：最後曙光 #14 END,https://www.youtube.com/watch?v=wpvphi-yv98,pending
LNG Live：Metro Last Light 戰慄深邃：最後曙光 #13,https://www.youtube.com/watch?v=9OR6soMsEKE,pending
LNG Live：DLC Quest #4,https://www.youtube.com/watch?v=p6DsjiwWwTo,pending
LNG Live：DLC Quest #3,https://www.youtube.com/watch?v=MluY6-tSPqY,pending
LNG Live：DLC Quest #2,https://www.youtube.com/watch?v=uhGB_rBFCDE,pending
LNG Live：DLC Quest #1,https://www.youtube.com/watch?v=S0BG7AjZzWE,pending
LNG Gaming：英雄聯盟日常#3 有禮貌運動+ 字正腔圓,https://www.youtube.com/watch?v=fiQkRUPxIRQ,pending
LNG Live：Metro Last Light 戰慄深邃：最後曙光 #12,https://www.youtube.com/watch?v=CD-scV7G6MM,pending
LNG Live：Metro Last Light 戰慄深邃：最後曙光 #11,https://www.youtube.com/watch?v=lnzE3WGIRII,pending
LNG Live：Metro Last Light 戰慄深邃：最後曙光 #10,https://www.youtube.com/watch?v=zXk7NGWJL1c,pending
LNG Live：Metro Last Light 戰慄深邃：最後曙光 #9,https://www.youtube.com/watch?v=V7HVJjUIoww,pending
LNG Live：Metro Last Light 戰慄深邃：最後曙光 #8,https://www.youtube.com/watch?v=DDxoYiilc5I,pending
LNG Live：Metro Last Light 戰慄深邃：最後曙光 #7,https://www.youtube.com/watch?v=A926gKCJMsI,pending
LNG Gaming：LNG Warframe 公會日常,https://www.youtube.com/watch?v=likkSCqDy3s,pending
LNG Live：Metro Last Light 戰慄深邃：最後曙光 #4,https://www.youtube.com/watch?v=xCjozLcGE3A,pending
LNG Live：Metro Last Light 戰慄深邃：最後曙光 #6,https://www.youtube.com/watch?v=dW1JDLBLdN4,pending
LNG Live：Metro Last Light 戰慄深邃：最後曙光 #5,https://www.youtube.com/watch?v=J5Kw59wlnr0,pending
LNG日常：KTV及時唱噗浪點歌   聽海,https://www.youtube.com/watch?v=6wExngRny9g,pending
LNG日常：KTV及時唱噗浪點歌   店斯,https://www.youtube.com/watch?v=k001Mlfc4nk,pending
LNG日常：KTV及時唱噗浪點歌   印度公園,https://www.youtube.com/watch?v=8JbQpotBUWk,pending
LNG日常：KTV及時唱噗浪點歌   王妃,https://www.youtube.com/watch?v=O9SDawp_cho,pending
LNG日常：KTV及時唱噗浪點歌   I don't want to miss a thing,https://www.youtube.com/watch?v=q9v6g41-ZKk,pending
LNG日常：KTV及時唱噗浪點歌   天后,https://www.youtube.com/watch?v=pWIS1MdhM1o,pending
LNG日常：KTV及時唱噗浪點歌   Call me maybe,https://www.youtube.com/watch?v=Qb-OKbAPS0g,pending
LNG日常：KTV及時唱噗浪點歌   十年,https://www.youtube.com/watch?v=2-6G8VtYiCg,pending
LNG日常：粉絲團30000人達成~,https://www.youtube.com/watch?v=xv8RpSt2kk0,pending
LNG Gaming：Sumotori Dreams 喝醉醉x推人人,https://www.youtube.com/watch?v=UwoyGhYPaps,pending
LNG Gaming：Leggy 第一次開飛機 in BattleField3,https://www.youtube.com/watch?v=hRLEIvKCjw8,pending
LNG Gaming：Evoland #16,https://www.youtube.com/watch?v=wfMn_Sb1Bkw,pending
LNG Gaming：Evoland #14,https://www.youtube.com/watch?v=Rl-zlCVauo8,pending
LNG Gaming：Evoland #15,https://www.youtube.com/watch?v=iiSVAUzoq-U,pending
LNG Gaming：Evoland #13,https://www.youtube.com/watch?v=ERxqqnLcFb4,pending
LNG Gaming：Evoland #12,https://www.youtube.com/watch?v=Dc8-zrlrAaE,pending
LNG Gaming：Evoland #11,https://www.youtube.com/watch?v=UjgMHHzDA7g,pending
LNG Gaming：Evoland #10,https://www.youtube.com/watch?v=Qhe4dEZr63U,pending
LNG Gaming：Evoland #9,https://www.youtube.com/watch?v=k_nFnY5BuS4,pending
LNG Gaming：Evoland #8,https://www.youtube.com/watch?v=7r4cgLLzlqg,pending
LNG Gaming：Evoland #7,https://www.youtube.com/watch?v=enZ1FeDM5aU,pending
LNG Gaming：Evoland #6,https://www.youtube.com/watch?v=P7pSuDfUM2M,pending
6tan vlog#11 我的英文很爛/我英文考試零分,https://www.youtube.com/watch?v=Di8-6yC-omA,pending
LNG Gaming：Evoland #5,https://www.youtube.com/watch?v=WfyQVu62i7E,pending
LNG Gaming：Evoland #4,https://www.youtube.com/watch?v=oNz_BAL-rP0,pending
LNG Gaming：Evoland #3,https://www.youtube.com/watch?v=ZbNWK0M_1tM,pending
LNG Gaming：Evoland #2,https://www.youtube.com/watch?v=l9yIH3wxj5I,pending
LNG Gaming：Evoland #1,https://www.youtube.com/watch?v=89mhKftSg1M,pending
LNG Gaming：英雄聯盟日常#2 窩們不放棄 (完整版),https://www.youtube.com/watch?v=jNCwUyKqg7k,pending
LNG Gaming：英雄聯盟日常#2 窩們不放棄,https://www.youtube.com/watch?v=85oHoQU5FWk,pending
LNG Gaming：Surgeon-Simulator 2013 開刀刀x殺人人,https://www.youtube.com/watch?v=mG4yEKyGGeU,pending
LNG Gaming：Miasmata #06,https://www.youtube.com/watch?v=mqI6BVcEZng,pending
LNG Gaming：Miasmata #05,https://www.youtube.com/watch?v=F8Fe_U3O6XY,pending
LNG Gaming：英雄聯盟日常,https://www.youtube.com/watch?v=BJELewSuyXg,pending
LNG Gaming：Miasmata #04,https://www.youtube.com/watch?v=QBT7vkDUk7o,pending
LNG Gaming：Miasmata #03,https://www.youtube.com/watch?v=-qAOIl7OBQU,pending
LNG Gaming：Miasmata #02,https://www.youtube.com/watch?v=vY7BbFOYHoU,pending
LNG Gaming：Miasmata #01,https://www.youtube.com/watch?v=71A9zPC4EaY,pending
LNG Gaming：Metro2033 戰慄深邃#31 End,https://www.youtube.com/watch?v=hx-xYJf4Q3Y,pending
LNG Gaming：Metro2033 戰慄深邃#30,https://www.youtube.com/watch?v=t-hIfyBWG34,pending
LNG Gaming：Metro2033 戰慄深邃#29,https://www.youtube.com/watch?v=LaBBGqxSbew,pending
LNG日常：買新玩具太開心,https://www.youtube.com/watch?v=IjvoFWHM-gc,pending
LNG Gaming：Metro2033 戰慄深邃#28,https://www.youtube.com/watch?v=aWheUd6fBZ0,pending
LNG Gaming：Metro2033 戰慄深邃#27,https://www.youtube.com/watch?v=qPxcx48K4Qc,pending
LNG Gaming：Metro2033 戰慄深邃#26,https://www.youtube.com/watch?v=JSk4u9IJ7cU,pending
LNG Singing：Leggy - 祝你開心,https://www.youtube.com/watch?v=-qbnMjUmfV4,pending
LNG Gaming：Metro2033 戰慄深邃#25,https://www.youtube.com/watch?v=lV44CBpP2Hc,pending
LNG Gaming：Metro2033 戰慄深邃#24,https://www.youtube.com/watch?v=ErCNsbH5gwE,pending
LNG Singing：Leggy - Home,https://www.youtube.com/watch?v=5DCZZLqkTHU,pending
LNG Gaming：Metro2033 戰慄深邃#23,https://www.youtube.com/watch?v=-fv3kkGhRIU,pending
LNG Gaming：Metro2033 戰慄深邃#22,https://www.youtube.com/watch?v=av5Y1Q48Rf4,pending
LNG Gaming：Metro2033 戰慄深邃#21,https://www.youtube.com/watch?v=WF55SywIoZQ,pending
LNG Gaming：Metro2033 戰慄深邃#20,https://www.youtube.com/watch?v=3zxBnCSu320,pending
LNG Gaming：Metro2033 戰慄深邃#19,https://www.youtube.com/watch?v=YsyjB9rkdXY,pending
LNG Gaming：Metro2033 戰慄深邃#18,https://www.youtube.com/watch?v=3bLiGAWfm6Y,pending
LNG Gaming：Metro2033 戰慄深邃#17,https://www.youtube.com/watch?v=sS5lmx1UriU,pending
LNG Gaming：Metro2033 戰慄深邃#16,https://www.youtube.com/watch?v=19falP9u19c,pending
LNG Gaming：Metro2033 戰慄深邃#15,https://www.youtube.com/watch?v=Mwohz14cblI,pending
LNG Gaming：Metro2033 戰慄深邃#14,https://www.youtube.com/watch?v=6iIXabGD3Rc,pending
LNG Gaming：跟給酷大師一起玩英雄聯盟,https://www.youtube.com/watch?v=_1DJIE2Qn2w,pending
LNG Gaming：Metro2033 戰慄深邃#13,https://www.youtube.com/watch?v=_FiXc5-FDuI,pending
LNG Gaming：Metro2033 戰慄深邃#12,https://www.youtube.com/watch?v=1PFTNX__BZQ,pending
LNG Gaming：Metro2033 戰慄深邃#11,https://www.youtube.com/watch?v=l0A0Zj2EC7A,pending
LNG Gaming：Metro2033 戰慄深邃#10,https://www.youtube.com/watch?v=WZoh5duI_J4,pending
LNG Gaming：Metro2033 戰慄深邃#9,https://www.youtube.com/watch?v=n_azAeWuvHw,pending
LNG Gaming：Metro2033 戰慄深邃#8,https://www.youtube.com/watch?v=VPFNdG-YN1Q,pending
LNG Gaming：Metro2033 戰慄深邃#7,https://www.youtube.com/watch?v=hjzzoltsRo4,pending
LNG Gaming：Metro2033 戰慄深邃#6,https://www.youtube.com/watch?v=S6kzfvqkY4o,pending
LNG Gaming：Metro2033 戰慄深邃#5,https://www.youtube.com/watch?v=fEMg87_sVqQ,pending
LNG Gaming：Metro2033 戰慄深邃#4,https://www.youtube.com/watch?v=HuFe2-3-8Rs,pending
LNG Gaming：Metro2033 戰慄深邃#3,https://www.youtube.com/watch?v=06YONJGEvxY,pending
LNG Gaming：Metro2033 戰慄深邃#2,https://www.youtube.com/watch?v=TJ2yIR0TSp8,pending
LNG Gaming：Metro2033 戰慄深邃#1,https://www.youtube.com/watch?v=Wf9GHGjlOk8,pending
6tan vlog#10 女朋友沒朋友 (Shoot Log),https://www.youtube.com/watch?v=-lvHOOLtT2Q,pending
LNG Gaming：PlanetSide2 迷路×空降×被車撞,https://www.youtube.com/watch?v=wlVgay-OvgA,pending
LNG Gaming：Warhammer Online - Wrath of Heroes 新手實戰,https://www.youtube.com/watch?v=AwYgECJWF5w,pending
LNG Gaming：Warhammer Online - Wrath of Heroes 遊戲介紹,https://www.youtube.com/watch?v=TTg6DRPd0yI,pending
6tan vlog#9 網路戀情是壞事嗎,https://www.youtube.com/watch?v=cMcBJENSy-U,pending
6tan vlog#8 想當一位實況主,https://www.youtube.com/watch?v=6zk5oRkUbEE,pending
LNG日常：其實我真的不知道拍這幹嘛,https://www.youtube.com/watch?v=DgUJOOBPsu8,pending
6tan vlog#7 開實況跟當Youtuber有搞頭ㄇ?,https://www.youtube.com/watch?v=Sc_tkqWR0Q4,pending
LNG Singing：老王 - 沒那麼簡單 (英雄聯盟版),https://www.youtube.com/watch?v=kzR6BiwWlUI,pending
LNG Singing：鳥屎 - 我的歌聲裡,https://www.youtube.com/watch?v=c_CNpze3llI,pending
LNG Gaming：Primal Carnage 開槍×殺人×咬媽媽,https://www.youtube.com/watch?v=TnUxjeFX73M,pending
LNG Gaming：玩英雄聯盟就是要把招式喊出來,https://www.youtube.com/watch?v=_4YpywMSRwU,pending
6tan vlog#6 畫畫當工作? 朋友都是低頭族? 好勝心太強?,https://www.youtube.com/watch?v=P1sUHIRldlE,pending
6tan&Leggy黑白大冒險#2 RIFT 裂痕online,https://www.youtube.com/watch?v=9uaBgrmbZ5E,pending
6tan vlog#5 聊聊遊戲跟LoL S2比賽,https://www.youtube.com/watch?v=kjyWyXxGqew,pending
LNG Gaming：RTS愛好者咕嚕#1 希臘x斷線x打瞌睡,https://www.youtube.com/watch?v=F69_UFLyfRE,pending
6tan vlog#4 我的遊戲換得很快,https://www.youtube.com/watch?v=SZ4B6Hc0KqM,pending
LNG Gaming：邊緣禁地2 #4 飛車x爆破x前往SANCTUARY,https://www.youtube.com/watch?v=XubXVYBM_Fw,pending
LNG Gaming：邊緣禁地2 #3,https://www.youtube.com/watch?v=TFoTFR_Ly_M,pending
6tan vlog#3 我的ㄇㄇ逼我做某工作,https://www.youtube.com/watch?v=f18SwhsE_2k,pending
LNG Gaming：邊緣禁地2 #2,https://www.youtube.com/watch?v=BJ6OKMC4SAo,pending
LNG Gaming：邊緣禁地2 #1,https://www.youtube.com/watch?v=qbr60hLHiFI,pending
6tan&Leggy黑白大冒險#1 c9online,https://www.youtube.com/watch?v=lp4sK6hed6I,pending
LNG日常#1 幫肥宅搬家,https://www.youtube.com/watch?v=_DIk6z8unxU,pending
6tan vlog#2 當個抬的起頭的肥宅,https://www.youtube.com/watch?v=inZl_a8eDpo,pending
6tan vlog#1 Twitch 訂閱數 10000!!!,https://www.youtube.com/watch?v=GXR4iqnAFEk,pending
LNG workshop 開始了,https://www.youtube.com/watch?v=9Pc_umZKQ5A,pending
